student_profile,tutor_summary,student_summary,conversation_counter,tutor_response_avg,student_response_avg,LLM_Precision_Tutor,LLM_Recall_Tutor,LLM_score_Tutor,BERT_Precision_Tutor,BERT_Recall_Tutor,BERT_score_Tutor,LLM_score_Student,BERT_score_Student
Novice_highMotivation,"Certainly! Here's a concise summary of the key steps we discussed to solve the problem of estimating the friction force required from each pile to prevent the Millennium Tower from sinking:

1. **Understand the Physics Concepts**: Recognize the relevance of static equilibrium, where the downward force (weight of the tower) must be balanced by the upward friction force from the piles.

2. **Calculate Total Weight**: Determine the total weight of the tower using the given area and weight per square foot.

3. **Distribute the Weight**: Divide the total weight by the number of piles to find out how much weight each pile needs to support.

4. **Estimate Friction Force**: Understand that each pile must generate enough upward friction force to counteract the downward force it supports. This is based on the principle of static equilibrium.

5. **Consider Soil and Pile Interaction**: Recognize that the friction force is influenced by the type of soil and the surface area of the piles in contact with the soil.

By following these steps, you can estimate the necessary friction force for each pile to ensure the stability of the structure, keeping in mind the importance of soil characteristics and pile design in the overall support system.","Oh, let me try to summarize what I've learned about solving this problem with the Millennium Tower's foundation! 

From our discussion, I understand the key steps are:

1. Calculate the total weight of the tower:
   - The tower is 7 tons per square foot
   - Base area is 20,000 square feet
   - So I'd multiply these to get the total tower weight

2. Distribute the weight across the piles:
   - There are 950 friction piles supporting the tower
   - Divide the total tower weight by the number of piles to find the force each pile needs to support

3. Understand the role of friction:
   - The piles create an upward friction force against the soil
   - This friction force needs to exactly match the downward force of the tower's weight
   - The goal is to maintain static equilibrium and prevent the tower from sinking

4. Consider soil characteristics:
   - The type of soil (in this case, bay sand) affects how much friction the piles can generate
   - Engineers would test the soil to understand its properties and friction capacity

I know I might not have all the technical details perfect, but I'm really excited that I'm starting to understand how engineers use physics principles to keep massive structures stable! Would you like me to explain any part of this in more detail?",10,1376,1325,0.8,0.9,0.85,0.569206595,0.57383281,0.571510315,0.85,0.591413021
Novice_highMotivation,"Certainly! Here's a concise summary of the key steps we discussed to solve the problem of estimating the friction force required from each pile to prevent the Millennium Tower from sinking:

1. **Understand the Physics Concepts**: Recognize that static equilibrium and friction are crucial. The tower's weight (downward force) must be balanced by the friction force (upward force) from the piles.

2. **Calculate Total Weight**: Compute the weight of the tower and the concrete slab. For the tower, multiply the base area by the weight per square foot. For the slab, calculate its volume (area multiplied by thickness) and then multiply by the density of concrete to find its weight.

3. **Distribute Weight Across Piles**: Add the weights of the tower and slab to get the total weight. Divide this total by the number of piles to determine how much weight each pile needs to support.

4. **Relate to Friction Force**: Understand that the friction force on each pile must at least match the downward force it supports to maintain static equilibrium. This ensures the tower does not sink.

5. **Consider Engineering Practices**: Acknowledge the role of soil tests and safety factors in ensuring that the friction between the piles and the sand is sufficient to support the structure safely under all expected conditions.

These steps combine physics principles with practical engineering considerations to address the problem comprehensively.","Oh, sure! Let me summarize what I've learned about solving this problem with the Millennium Tower's foundation:

1. First, I calculated the total weight of the tower:
   - The tower weighs 7 tons per square foot
   - Base is 20,000 square feet
   - Total tower weight: 140,000 tons

2. Then I calculated the concrete slab's weight:
   - Volume: 20,000 sq ft × 10 ft = 200,000 cubic feet
   - Using concrete density of 150 pounds per cubic foot
   - Slab weight: 15,000 tons

3. Total weight calculation:
   - Tower weight (140,000 tons) + Slab weight (15,000 tons) = 155,000 tons total

4. Weight per pile:
   - Divided total weight by 950 piles
   - Each pile supports about 163 tons

5. Friction force connection:
   - Each pile needs to generate enough friction to counteract its 163-ton load
   - Friction prevents the tower from sinking into the ground
   - Depends on pile surface, sand composition, and contact area

I'm really excited that I learned how engineers use physics to understand how to keep massive structures stable! There's so much careful calculation involved in making sure a building doesn't sink.",8,1085,1176,0.9,0.95,0.925,0.586879671,0.606491148,0.596524298,0.825,0.570468843
Novice_highMotivation,"Certainly! Here's a concise summary of the key steps to solve the question:

1. **Calculate Total Weight of the Tower**: Multiply the base area of the tower (20,000 square feet) by the weight per square foot (7 tons) to get the total weight of the tower.

2. **Calculate the Weight of the Concrete Slab**: Multiply the area of the slab (20,000 square feet) by its thickness (10 feet) to find the volume, then multiply the volume by the density of concrete (150 pounds per cubic foot) to get the weight of the slab.

3. **Calculate the Weight of Each Pile**: Determine the volume of a pile using its cross-sectional area (14 inches converted to feet, squared) and length (80 feet), then multiply by the density of concrete to find the weight of one pile.

4. **Distribute Total Load Across Piles**: Add the weights of the tower, slab, and all piles together to get the total load. Divide this load by the number of piles (950) to determine the load each pile needs to support.

5. **Estimate Friction Force Required**: The friction force for each pile must at least match the load it supports to maintain static equilibrium, ensuring the tower does not sink further.

These steps integrate the principles of physics with practical calculations, focusing on static equilibrium and the properties of materials to solve the problem.","Oh, let me try to summarize what I've learned about solving this problem with the Millennium Tower! Here are the key steps I understand:

1. Calculate the total weight of the tower:
   - Multiply the base area (20,000 square feet) by the weight per square foot (7 tons)
   - This gives the total weight of the tower itself

2. Calculate the weight of the concrete slab:
   - Find the volume by multiplying the base area by the thickness (10 feet)
   - Multiply the volume by the density of concrete (about 150 pounds per cubic foot)

3. Calculate the weight of each pile:
   - Convert the pile's cross-section to square feet (14 inches = about 1.17 feet)
   - Calculate the volume by multiplying cross-section area by pile length
   - Multiply the volume by the concrete density

4. Add up all the weights:
   - Tower weight
   - Concrete slab weight
   - Pile weights

5. Distribute the total weight across the 950 piles:
   - Divide the total weight by the number of piles to find how much each pile needs to support

6. Estimate the friction force:
   - The friction force needs to match the downward force to prevent the tower from sinking
   - Each pile must generate enough friction with the soil to support its share of the total weight

I know I'm still learning, but this process helps understand how engineers prevent buildings from sinking! Is this a good summary of what we discussed?",9,1264,1178,0.9,0.95,0.925,0.572687984,0.583420575,0.57800442,0.9,0.589212894
Novice_highMotivation,"Certainly! Here's a concise summary of the key steps we discussed for solving the problem of estimating the friction force required from each pile to prevent the Millennium Tower from sinking:

1. **Understand the Physics Concepts**: Recognize that static equilibrium is crucial, where the downward forces (weight of the tower, slab, and piles) must be balanced by the upward frictional forces from the sand on the piles.

2. **Identify Necessary Information**: Determine that you need the total weight of the tower, the weight of the concrete slab, the weight of the piles, and the number of piles to distribute the total weight evenly.

3. **Calculate and Distribute Forces**: Calculate the total weight of the tower and distribute this weight across the 950 piles to find out how much weight each pile needs to support.

4. **Conceptualize Frictional Force**: Understand that each pile must generate sufficient upward frictional force against the sand to support its share of the total weight, ensuring the tower remains in static equilibrium.

By following these steps, you can estimate the necessary friction force for each pile, applying fundamental physics principles to a real-world engineering problem.","Oh, let me try to summarize what I've learned about solving this problem with the Millennium Tower! 

Here are the key steps I understand:

1. Calculate the total weight of the tower:
   - The tower is 7 tons per square foot
   - Base is 20,000 square feet
   - Total weight = 7 × 20,000 = 140,000 tons

2. Distribute the weight across the support piles:
   - There are 950 piles
   - Each pile needs to support about 147.4 tons of force
   - This ensures static equilibrium (keeping the tower from sinking)

3. Understand the role of friction:
   - The piles ""grip"" into the sand
   - Create an upward force to counteract the tower's downward weight
   - The friction between the piles and sand prevents the tower from sinking further

I learned that this is all about balance - making sure the upward and downward forces are equal. It's amazing how physics principles like static equilibrium can explain how a massive building stays stable! I'm really excited that I could break down such a complex problem step by step. Is this a good summary of what we discussed?",7,1114,1193,0.9,0.95,0.925,0.589929461,0.595103204,0.592505097,0.85,0.577760398
Novice_highMotivation,"Certainly! Here's a concise summary of the key steps we discussed for solving the problem of estimating the friction force required from each pile to prevent the Millennium Tower from sinking:

1. **Understand the Problem**: Recognize that the problem involves balancing the downward gravitational force (weight of the tower) with the upward frictional force exerted by the soil on the piles.

2. **Calculate Total Weight**: Determine the total weight of the tower using the given weight per square foot and the base area.

3. **Distribute Weight Across Piles**: Divide the total weight of the tower by the number of piles to find out how much weight each pile needs to support.

4. **Consider Static Equilibrium**: Apply the concept of static equilibrium, where the downward force due to the tower's weight is balanced by the upward frictional force from the soil.

5. **Gather Necessary Data**: Include dimensions and material properties of the piles and the slab, and understand the role of soil properties, even though precise soil friction coefficients are not needed for this equilibrium approach.

6. **Use Safety Factors**: Recognize that in practical engineering, safety factors are used to ensure that the piles can handle more than the calculated load, accounting for uncertainties and providing extra safety.

These steps form a structured approach to solving the problem, focusing on physics principles and practical engineering considerations.","Oh, sure! Let me summarize what I've learned about solving this problem with the Millennium Tower's sinking issue:

1. First, I calculated the total weight of the tower:
   - 7 tons per square foot
   - Base is 20,000 square feet
   - Total weight = 7 × 20,000 = 140,000 tons

2. Then, I distributed the weight across the piles:
   - There are 950 friction piles
   - Weight per pile = 140,000 tons ÷ 950 = about 147.37 tons per pile

3. I learned about static equilibrium, which means balancing the downward force of the tower's weight with the upward frictional force from the piles.

4. I discovered that engineers use special tests like the Standard Penetration Test and Cone Penetration Test to understand the soil's strength and properties.

5. They also add a safety margin to ensure the piles can support more weight than absolutely necessary.

The key is making sure the friction between the piles and the soil is strong enough to prevent the tower from sinking. It's way more complicated than I first thought! I'm really fascinated by how much science and engineering goes into keeping a building stable. Is this a good summary of what we discussed?",8,1351,1356,0.7,0.8,0.746,0.559504569,0.578181684,0.568689823,0.746,0.575245738
Novice_highMotivation,"Certainly! Here's a concise summary of the key steps we've discussed to approach solving the problem of estimating the friction force required from each pile to prevent the Millennium Tower from sinking:

1. **Understand the Physics Concepts**: Recognize that static equilibrium is crucial, where the downward forces (weight of the tower, slab, and piles) must be balanced by the upward frictional forces from the piles.

2. **Calculate Total Weight**: Determine the total weight of the tower using its dimensions and weight per square foot. Include the weight of the concrete slab and the piles themselves.

3. **Distribute the Load**: Divide the total weight by the number of piles to find out how much weight each pile needs to support.

4. **Estimate Friction Force**: Understand that the friction force from each pile must at least match the weight it supports to maintain static equilibrium. This involves considering the contact area of the pile with the soil and the characteristics of the soil.

5. **Consider Soil and Pile Interaction**: Recognize the role of soil type and pile dimensions in determining the frictional force. Different soils will interact differently with the piles.

6. **Use Geotechnical Data**: Utilize data from soil tests and geotechnical investigations to estimate the bearing capacity and frictional properties of the soil.

By following these steps, you can form a structured approach to estimate the necessary friction force for each pile, ensuring the stability of the structure.","Oh, wow! Let me try to summarize what I've learned about solving this problem with the Millennium Tower's foundation:

1. First, I learned about static equilibrium - which is basically making sure all the forces are balanced so the building doesn't sink. The tower's weight is pushing down, and the friction piles are pushing back up to keep it stable.

2. I discovered that friction piles are these long columns driven into the ground that grip the soil along their sides. Their size really matters - the 14-inch square, 80-foot long piles create friction with the soil to support the building's weight.

3. Engineers do this amazing detective work called geotechnical investigation. They drill holes, take soil samples, and use special tests like seismic waves to understand the ground's ""personality"" - how strong and stable it is.

4. They have to consider different things like:
   - The total weight of the building (7 tons per square foot for this tower!)
   - The bearing capacity of the soil
   - How different soil types (sandy, clay, rocky) behave
   - The size and number of piles needed (950 piles in this case!)

5. The goal is to create a foundation that can support the entire building's weight without letting it sink, by finding the right balance of forces.

I'm still amazed by how much science and careful thinking goes into just keeping a building standing! It's way more complicated than I ever imagined. Is this a good summary of what I've learned?",9,1651,1354,0.85,0.9,0.875,0.573970795,0.601730466,0.587522924,0.647,0.561612487
Novice_highMotivation,"Certainly! Here's a concise summary of the key steps we discussed to solve the problem of estimating the friction force required from each pile to prevent the Millennium Tower from sinking:

1. **Understand the Physics Concepts**: Recognize that static equilibrium is crucial, where the downward forces (weight of the tower, slab, and piles) must be balanced by the upward frictional forces from the piles against the sand.

2. **Gather Necessary Information**: Calculate the total weight of the tower using its dimensions and weight per square foot. Also, determine the weight of the concrete slab and the piles by calculating their volumes and using the density of concrete.

3. **Distribute the Load**: Divide the total weight of the tower and slab by the number of piles to find out how much weight each pile needs to support.

4. **Estimate Friction Force**: Understand that the friction force from each pile must at least match the weight it supports to maintain static equilibrium and prevent sinking. This step involves conceptual understanding rather than specific calculations, as the actual friction force would depend on factors like the soil composition and pile material, which are complex to determine precisely without empirical data.

These steps combine physics principles with practical engineering considerations to approach the problem methodically, ensuring a thorough understanding and application of the concepts involved.","Oh, wow! Let me try to summarize what I've learned about the Millennium Tower problem. I think the key steps are:

1. Understanding Static Equilibrium: This is like a balancing act where all the forces on the tower need to cancel out so it doesn't sink. The downward force from the tower's weight needs to be balanced by upward forces from the support piles.

2. Calculating Total Load: Engineers have to calculate the entire weight of the building, including the structure itself, the contents, and even the people inside. This helps them figure out how much support they need.

3. Soil Investigation: They use special tools like penetrometers to test the ground, checking things like how compact the sand is and how much weight it can support. It's like doing detective work on the ground!

4. Pile Design: They calculate how many piles are needed and how deep they should go. This depends on the soil properties, the building's weight, and safety margins.

5. Safety Margins: Engineers add extra strength to the design - usually 20% to 60% more than the expected load - to protect against unexpected conditions like earthquakes or unusual stress.

6. Computer Simulations: They use advanced software to model how the building might behave under different conditions, helping them predict and prevent potential problems.

I'm really excited that I've learned how physics and engineering work together to keep buildings safe! It's so much more complicated than I ever imagined.",9,1495,1468,0.9,0.95,0.925,0.585790217,0.607680857,0.596534789,0.34,0.538258553
Novice_highMotivation,"Certainly! Here's a concise summary of the key steps we discussed for solving the problem of estimating the friction force required from each pile to prevent the Millennium Tower from sinking:

1. **Understand the Physics Concepts**: Recognize that the problem involves forces and static equilibrium, where the downward force (weight of the tower, slab, and piles) must be balanced by the upward friction force from the piles.

2. **Calculate Total Weight**:
   - Calculate the weight of the tower using its base area and weight per square foot.
   - Calculate the weight of the concrete slab by finding its volume (area multiplied by thickness) and then multiplying by the density of concrete.
   - Calculate the weight of one pile using its dimensions (cross-sectional area and length) and the density of concrete, then multiply by the number of piles.

3. **Distribute the Weight Across Piles**: Divide the total weight by the number of piles to determine how much weight each pile needs to support.

4. **Consider Material Properties and Testing**: Understand that the density of concrete can vary based on the mix and that engineers use laboratory tests to determine the exact properties of the materials used.

By following these steps, you can estimate the necessary friction force for each pile to ensure the tower remains stable and does not sink. This approach combines physics principles with practical engineering considerations, highlighting the importance of detailed calculations and material properties in structural engineering.","Oh, sure! Let me summarize what I've learned about solving this problem with the Millennium Tower's friction piles:

1. First, I need to calculate the total weight of the entire structure, which includes:
   - The tower's weight (7 tons per square foot over 20,000 square feet)
   - The concrete slab's weight (using its volume and concrete density)
   - The weight of each individual pile

2. For calculations, I learned I have to be really careful about unit conversions. For example, converting 14 inches to feet by dividing by 12, and making sure all my measurements are consistent.

3. I'll need to calculate the volume of different components by multiplying their dimensions, and then use the concrete density (around 150 pounds per cubic foot) to find their weights.

4. Once I know the total weight, I'll divide it by the number of piles (950) to understand how much weight each pile needs to support.

5. I also learned that it's not just a simple math problem - engineers consider complex factors like soil mechanics, moisture, and the specific properties of the concrete mix.

I'm really excited that I'm starting to understand how many detailed steps go into something like preventing a building from sinking! There's so much physics and math involved that I never knew about before. Would you like me to explain any part of this in more detail?",8,1206,1248,0.9,0.95,0.925,0.596001625,0.655871809,0.624505043,0.875,0.587873638
Novice_highMotivation,"Certainly! Here's a concise summary of the key steps to approach solving the problem of estimating the friction force required from each pile to prevent the Millennium Tower from sinking:

1. **Understand the Physics Concepts**: Recognize that this problem involves forces and static equilibrium. The piles need to balance the downward force (weight of the building) with the upward frictional force from the sand.

2. **Calculate Total Weight**: Determine the total weight of the tower by multiplying the weight per square foot by the base area. Include the weight of the concrete slab and the piles themselves.

3. **Distribute the Weight**: Divide the total weight by the number of piles to find out how much weight each pile needs to support.

4. **Estimate Friction Force**: Using the weight each pile supports, estimate the friction force required per pile to hold the building in place, ensuring static equilibrium.

These steps provide a structured approach to solving the problem, focusing on understanding the physics involved, calculating necessary forces, and applying the concept of static equilibrium.","Oh, let me summarize what I've learned about solving the Millennium Tower problem! Here are the key steps I understand:

1. Calculate the total weight of the building:
   - The tower weighs 7 tons per square foot
   - Base area is 20,000 square feet
   - Total weight = 7 × 20,000 = 140,000 tons

2. Distribute the total weight across the friction piles:
   - There are 950 friction piles
   - Force per pile = Total weight ÷ Number of piles
   - Each pile needs to support about 147.37 tons

3. Understand the physics concepts:
   - Static equilibrium is key - balancing downward weight with upward frictional force
   - Friction between the piles and the sandy ground helps prevent sinking
   - Pile characteristics like length (80 feet) and cross-section (14 inches square) affect friction

4. Consider additional factors:
   - Soil type (bay sand) impacts friction
   - Other potential forces like wind or building movement might also be important

I know I'm still learning, but breaking it down like this helps me understand how physics can solve real-world problems like preventing a building from sinking! Is this a good summary of what we discussed?",8,1132,1309,0.9,0.9,0.9,0.585315943,0.585114717,0.585215271,0.825,0.573511124
Novice_highMotivation,"Certainly! Here's a concise summary of the key steps to solve the problem of estimating the friction force required from each pile to prevent the Millennium Tower from sinking:

1. **Understand the Physics**: Recognize that static equilibrium is crucial, where the downward forces (weight of the tower, slab, and piles) must be balanced by the upward frictional forces from the sand.

2. **Calculate Total Weights**:
   - **Tower Weight**: Multiply the base area (20,000 square feet) by the weight per square foot (7 tons, or 14,000 pounds per square foot) to get the total weight of the tower.
   - **Slab Weight**: Calculate the volume of the slab (20,000 square feet × 10 feet) and multiply by the density of concrete (150 pounds per cubic foot).
   - **Pile Weight**: Calculate the volume of one pile (base area from a 14-inch side converted to feet, multiplied by the length of 80 feet) and multiply by the density of concrete.

3. **Distribute Weight Across Piles**: Add the weights of the tower, slab, and piles, then divide this total by the number of piles (950) to determine the weight each pile must support.

4. **Estimate Friction Force**: Assume each pile must generate a friction force equal to or greater than the weight it supports to maintain static equilibrium and prevent the tower from sinking.

These steps provide a structured approach to estimating the necessary friction force for each pile, ensuring the stability of the structure based on the principles of static equilibrium and material properties.","Oh, let me try to summarize what I've learned! I think the key steps to solving this problem about preventing the Millennium Tower from sinking are:

1. Calculate the total weight of the tower by multiplying its area (20,000 square feet) by its weight per square foot (7 tons).

2. Calculate the volume of the concrete slab by multiplying its area by its thickness (20,000 sq ft × 10 ft = 200,000 cubic feet).

3. Calculate the volume of each pile by finding its base area (1.167 ft × 1.167 ft) and multiplying by its length (80 ft).

4. Use the concrete density (150 pounds per cubic foot) to find the weight of the slab and piles.

5. Add up all these weights to get the total weight that needs to be supported.

6. Divide the total weight by the number of piles (950) to determine how much weight each pile needs to support.

The big idea is to create a balance - or what we learned is called ""static equilibrium"" - where the downward forces from the tower's weight are exactly matched by the upward friction forces from the piles in the sand.

I'm still amazed by how much math and physics goes into keeping a huge building from sinking! It seems so complicated, but breaking it down into steps makes it feel more understandable. Do I have the main points right?",7,1200,1162,0.9,0.95,0.925,0.567466319,0.633827925,0.598814189,0.85,0.571839809
Novice_lowMotivation,"Certainly! Here's a concise summary of the key steps to approach the problem:

1. **Understand the Physics Concepts**: Recognize that static equilibrium and forces (gravity and friction) are crucial. The tower's weight (downward force) needs to be balanced by the frictional force from the piles (upward force).

2. **Identify Necessary Information**: Determine that you need the total weight of the tower, the concrete slab, and the piles. Also, know the number of piles to distribute the total weight evenly.

3. **Gather and Calculate Data**: Calculate the tower's weight using its base area and weight per square foot. Similarly, calculate the weight of the concrete slab and the piles using their dimensions and material density. Divide the total weight by the number of piles to find the weight each pile needs to support.

These steps help form a plan to estimate the friction force required from each pile to prevent the tower from sinking, focusing on understanding and balancing the forces involved.","Umm... I didn't really learn anything. I just know the tower is heavy and has some piles that stop it from sinking, but I don't want to do any math or complicated explanations. Can't you just tell me the answer? I'm not good at physics and don't want to think about all these details. Do I really have to summarize something?",9,532,328,0.9,0.95,0.925,0.62483114,0.617300451,0.621042967,0,0.44418779
Novice_lowMotivation,"Certainly! Here's a concise summary of the key steps we discussed for approaching the problem about the Millennium Tower:

1. **Understand the Physics Concepts**: Recognize that static equilibrium and friction are crucial. The tower's weight creates a downward force, and the friction from the piles provides an upward force to counteract this.

2. **Identify Necessary Information**: Determine that you need the total weight of the tower, the weight of the concrete slab, the weight of the piles, and the number of piles to distribute the total weight evenly.

3. **Gather Required Data**: Calculate the weight of the tower using its base area and weight per square foot. Estimate the weights of the concrete slab and the piles using their dimensions and the density of concrete. Use the provided number of piles to understand how the weight is distributed among them.

These steps help in forming a plan to solve the problem without diving into detailed calculations.","Umm... I didn't really learn anything. To be honest, I wasn't paying attention and I don't want to solve this problem. All those steps about weight and piles and friction just sound complicated. Can't someone else figure out how to stop the tower from sinking? I'm not interested in doing any math or thinking about physics. Do I really have to give a summary? I'd rather just not do anything.",8,455,374,0.9,0.9,0.9,0.6189574,0.61142838,0.615169883,0,0.445700616
Novice_lowMotivation,"Certainly! Here's a concise summary of the key steps we discussed for approaching the problem of estimating the friction force required from each pile to prevent the Millennium Tower from sinking:

1. **Understand Relevant Physics Concepts**: Recognize that static equilibrium and friction are crucial. The tower's weight (downward force) needs to be balanced by the frictional force from the piles (upward force).

2. **Identify Necessary Information**: Determine that you need the total weight of the tower, the weight of the concrete slab, the weight of each pile, and the number of piles.

3. **Plan How to Obtain Information**: Calculate the tower's weight using its base area and weight per square foot. For the slab and piles, calculate their volumes and use the density of concrete to find their weights. Use the provided number of piles to distribute the total weight evenly among them.

These steps help in forming a structured approach to solving the problem without diving into detailed calculations.",Umm... I didn't really learn anything. I was trying to avoid doing all those complicated calculations about the tower and piles. It seemed like way too much work. I don't want to summarize steps or do math. Can't we just skip this part? I wasn't paying attention to all those details about weights and friction. Physics is just too boring and complicated for me.,10,597,413,0.9,0.9,0.9,0.640090346,0.637256622,0.638670385,0,0.440198451
Novice_lowMotivation,"Certainly! Here's a concise summary of the key steps we discussed for solving the problem:

1. **Identify Relevant Physics Concepts**: Understand that static equilibrium and forces (downward force due to gravity and upward frictional force) are crucial for analyzing the stability of the tower.

2. **Determine Necessary Information**: Recognize that the weights of the tower, the concrete slab, and the piles are essential, along with the number of piles, to distribute the total weight and calculate the required friction force.

3. **Gather Required Data**: Discuss how engineers might use building dimensions, material densities, and professional tools/software to calculate weights and assess the structure's stability.

These steps help in forming a basic understanding of how to approach the problem using physics principles and practical considerations.","""Umm, I didn't really learn much. Something about calculating the tower's weight by multiplying tons per square foot with the base area? And engineers use tools and computers to figure out if buildings are stable. But honestly, I wasn't paying that much attention. Do I have to write a whole summary? Can't we just say engineers know how to do this stuff?""

This response reflects the student's:
- Low knowledge level (minimal understanding of the problem-solving steps)
- Low motivation (reluctant to provide a detailed summary)
- Preference for a quick, dismissive answer
- Minimal effort in responding
- Avoidance of detailed explanation
- Lack of genuine engagement with the learning process",8,631,566,0.8,0.9,0.85,0.566045403,0.547585964,0.556662679,0.1,0.458570361
Novice_lowMotivation,"Certainly! Here's a concise summary of the key steps we discussed for solving the problem:

1. **Understand the Physics Concepts**: Recognize that static equilibrium and forces are crucial. The building's weight acts downward, and the friction from the piles provides an upward force to balance this.

2. **Identify Necessary Information**: Determine that you need the total weight of the building, the number of piles, and the dimensions of each pile to distribute the weight evenly and calculate the required friction force.

3. **Gather Data**: Calculate the weight of the building using its area and weight per square foot. Use the dimensions of the piles and the slab to estimate their weights. Knowing the number of piles helps in distributing the total weight to find out how much each pile needs to support.

These steps help in forming a plan to estimate the friction force required from each pile to prevent the tower from sinking, focusing on understanding and applying basic physics principles without delving into complex calculations.","Umm, steps? I don't really remember much. I guess we talked about the building's weight and some piles that stop it from sinking. Something about forces pushing down and up, but honestly, I wasn't paying that much attention. Can't we just say the engineers know how to keep buildings from falling over? I'm not good at remembering all these technical details. Do I really have to explain the steps? It was just a bunch of complicated stuff about weight and friction that didn't make much sense to me. Can we be done with this now?",9,513,419,0.9,0.9,0.9,0.600768924,0.596633732,0.598694146,0.1,0.455861211
Novice_lowMotivation,"Certainly! Here's a concise summary of the key steps to solve the problem:

1. **Understand the Physics Concepts**: Recognize that friction and static equilibrium are crucial. The piles need to provide enough upward friction force to counteract the downward force of the tower's weight.

2. **Gather Necessary Information**: Calculate the total weight of the tower using its base area and weight per square foot. Also, consider the weight of the concrete slab and the piles, which involves calculating their volumes and then using the density of concrete to find their weights.

3. **Distribute the Weight**: Determine how the total weight (tower, slab, and piles) is distributed across the 950 piles. This will help in calculating the friction force required from each pile to prevent the tower from sinking.

These steps focus on understanding the forces involved and how they interact, using basic principles of physics to approach the problem methodically.","Umm, okay, I'll try. So basically, we need to figure out how to stop this tower from sinking by calculating the friction on these piles. I think the steps were something like:

1. Calculate the tower's weight - which I did by multiplying the base area (20,000 square feet) by the weight per square foot (7 tons). That gave me 140,000 tons or something.

2. Then we talked about calculating volumes of the concrete slab and piles, but honestly, that part was super confusing. I know the slab is 10 feet thick and the piles are 80 feet long with 14-inch sides, but I don't really understand how to turn that into actual calculations.

3. Something about distributing the weight across the piles and figuring out friction force, but that sounds way too complicated.

I'm not sure I really learned how to solve this completely. Can't engineers just handle this stuff? Physics is just too hard, and I'd rather someone else do these complicated calculations for me.",10,618,490,0.9,0.95,0.925,0.617339373,0.60291332,0.610041022,0.34,0.542778194
Novice_lowMotivation,"Certainly! Here's a concise summary of the key steps we discussed:

1. **Understand the Physics Concepts**: We identified that static equilibrium and friction are crucial concepts. The tower's weight (due to gravity) needs to be balanced by the frictional force from the piles.

2. **Gather Necessary Information**: We determined that we need the total weight of the tower, the weight of the concrete slab, and the weight of the piles. Knowing the number of piles (950) is also essential.

3. **Calculate Weights**: You calculated the tower's weight by multiplying the base area (20,000 square feet) by the weight per square foot (7 tons), resulting in 140,000 tons. Then, we discussed dividing this weight by the number of piles to find the weight supported by each pile.

These steps help in understanding how much force each pile needs to exert to prevent the tower from sinking, ensuring the structure's stability. Great job working through these steps!","""I guess... we did something about calculating the tower's weight by multiplying the base area (20,000 square feet) by the weight per square foot (7 tons). That gave us 140,000 tons total. Then we divided that by the number of piles (950) to see how much weight each pile supports, which was like 147 tons per pile. But honestly, I didn't really enjoy figuring all this out. It was just a bunch of math and numbers. Can we be done now?""",9,517,571,0.8,0.9,0.85,0.588312984,0.581755638,0.585015953,0.55,0.481276989
Novice_lowMotivation,"Certainly! Here's a concise summary of the key steps we discussed for approaching the problem:

1. **Understand the Physics Concepts**: Recognize that static equilibrium and friction are crucial. The tower's weight needs to be balanced by the frictional force from the piles to prevent sinking.

2. **Identify Necessary Information**: Determine that you need the total weight of the tower, the weight of the concrete slab, and the weight of the piles. Also, understand the number of piles involved.

3. **Gather Information**: Use the given dimensions and weights (like the tower's height, base area, and weight per square foot) to calculate the total weight. Estimate the weight distribution each pile needs to support based on the number of piles.

These steps help in forming a basic understanding of how to approach solving the problem without delving into detailed calculations or technical specifics.","Umm, steps? I don't really want to write a whole summary. But I guess if I have to, it's something like: the tower is heavy and might sink, and these pile things help stop it from sinking by supporting its weight. That's basically it, right? I didn't really learn any complicated steps or anything. Can I be done now? This feels like extra work, and I'm not interested in going into more detail. Engineers can figure out all the complicated stuff about how exactly the piles work.",10,517,396,0.8,0.9,0.85,0.601982653,0.589877605,0.595868647,0.1,0.461551964
Novice_lowMotivation,"Certainly! Here's a concise summary of the key steps we discussed for solving the problem:

1. **Understand the Physics Concepts**: Recognize that static equilibrium is crucial, where the downward force (weight of the building) is balanced by the upward friction force from the piles.

2. **Identify Necessary Information**: Determine that we need the total weight of the building and the number of piles to distribute this weight evenly.

3. **Simplify the Approach**: Instead of delving into complex calculations or needing detailed material properties, use a straightforward method by dividing the total weight of the building by the number of piles to estimate the force each pile must support.

This approach provides a basic understanding of how the piles work to support the building and avoids the complexities of more detailed engineering calculations. Great job working through these steps!","""Umm, okay. So basically, we just need to find out how heavy the building is and then divide that total weight by the number of piles. That'll tell us how much force each pile needs to handle. I didn't really do any math or anything, but that seems like the simple way to figure it out. The piles stop the building from sinking by pushing back against the ground or something. Do I have to explain more? Can we be done now?""",7,706,443,0.6,0.7,0.647,0.558686137,0.554033577,0.556350112,0.444,0.502019405
Novice_lowMotivation,"Certainly! Here's a concise summary of the key steps we discussed for approaching the problem:

1. **Understand the Physics Concepts**: Recognize that the problem involves balancing forces (static equilibrium), where the downward gravitational force due to the weight of the tower must be balanced by the upward frictional forces from the piles.

2. **Identify Necessary Information**: Determine that you need to know the total weight of the tower, the weight of the concrete slab, the weight of each pile, and the number of piles to distribute the total weight evenly.

3. **Gather Required Data**: Calculate the tower's weight using its base area and weight per square foot. For the slab and piles, use their dimensions and material density to find their weights. Knowing the number of piles allows for the distribution of the total weight across each pile.

These steps help in understanding how to distribute the load of the tower across the supporting piles to prevent it from sinking, using basic principles of physics without delving into complex calculations.","Ugh, do I really have to summarize this? Fine. I guess the main steps were like, figuring out the tower's total weight by multiplying the base area by the weight per square foot, and then dividing that total weight by the number of piles to see how much force each pile needs to support. But honestly, it sounds way more complicated than it needs to be. Can't engineers just do this stuff? I'm not super interested in breaking down all these physics details. It just seems like a lot of unnecessary math and thinking. Can we be done now?",8,533,474,0.9,0.95,0.925,0.632599115,0.629546821,0.631069243,0.2,0.492660582
Expert_dontCare,"Certainly! Here's a concise summary of the key steps:

1. **Understand the Physics Concept**: Recognize that the problem involves static equilibrium, where the downward forces (weight of the tower, slab, and piles) must be balanced by the upward frictional forces from the piles.

2. **Gather Necessary Information**: Calculate the total weight of the tower using its base area and weight per square foot. Determine the weight of the concrete slab and each pile using their dimensions and the density of concrete.

3. **Distribute the Weight**: Knowing the number of piles, distribute the total weight of the tower and slab evenly across all piles to find out how much force each pile needs to exert to prevent the tower from sinking.

These steps help in forming a plan to solve the problem by understanding the forces involved and how they interact within the system. Keep practicing these steps to enhance your problem-solving skills in physics!",idk,12,419,3,0.9,0.9,0.9,0.623138666,0.615926206,0.619511366,0,0.247476801
Expert_dontCare,"Certainly! Here's a concise summary of the key steps to approach the problem:

1. **Understand the Physics Concept**: Recognize that static equilibrium is essential, where the downward forces (weight of the tower and slab) must be balanced by the upward friction forces from the piles.

2. **Identify Necessary Information**: Determine that you need the total weight of the tower, the weight of the concrete slab, the weight of the piles, and the number of piles.

3. **Gather the Information**: 
   - Calculate the weight of the tower using its base area and weight per square foot.
   - Calculate the weight of the concrete slab and piles by finding their volumes and using the density of concrete.
   - Use the given number of piles to distribute the total weight evenly.

These steps help in forming a plan to estimate the friction force required from each pile to prevent the tower from sinking.",idk,10,502,3,0.9,0.9,0.9,0.655849755,0.672685385,0.664160967,0,0.247476801
Expert_dontCare,"Certainly! Here's a concise summary of the key steps:

1. Understand the concept of static equilibrium, where the downward forces (weight of the tower, slab, and piles) must be balanced by the upward frictional forces from the piles.
2. Determine the total weight of the tower using its base area and weight per square foot.
3. Calculate the weight of the concrete slab and each pile using their dimensions and the density of concrete.
4. Use the number of piles to distribute the total weight evenly, determining how much weight each pile needs to support.
5. From this, estimate the friction force required from each pile to balance the downward forces and prevent the tower from sinking.

These steps help in forming a plan to solve the problem by understanding and calculating the forces involved.",idk,9,422,3,0.9,0.9,0.9,0.65152514,0.614383459,0.632409394,0,0.247476801
Expert_dontCare,"Certainly! Here's a concise summary of the key steps:

1. **Understand the Physics Concept**: Recognize that static equilibrium is crucial, where the downward force due to the weight of the tower, slab, and piles must be balanced by the upward friction force from the piles.

2. **Identify Necessary Information**: Determine that we need the total weight of the tower, slab, and piles, and the number of piles to distribute this weight.

3. **Gather Required Data**: Calculate the weight of the tower using its base area and weight per square foot. Similarly, calculate the weight of the concrete slab and the piles using their dimensions and material density. Divide the total weight by the number of piles to find the force each pile must exert.

These steps guide us in estimating the friction force required from each pile to prevent the tower from sinking.",idk,9,454,3,0.9,0.9,0.9,0.640348315,0.620204449,0.630115449,0,0.247476801
Expert_dontCare,"Certainly! Here's a concise summary of the key steps:

1. **Understand Static Equilibrium**: Recognize that the problem involves balancing the downward force (weight of the tower, slab, and piles) with the upward frictional force from the piles.

2. **Gather Necessary Information**: Calculate the total weight of the tower using its base area and weight per square foot. Determine the weight of the concrete slab and each pile using their dimensions and the density of concrete.

3. **Distribute the Weight**: Use the number of piles to distribute the total weight evenly, determining how much weight each pile needs to support.

These steps help us estimate the friction force required from each pile to prevent the tower from sinking. Keep these concepts in mind as you approach similar problems in the future!",idk,10,381,3,0.9,0.95,0.925,0.633356571,0.617417097,0.625285268,0,0.247476801
Expert_dontCare,"Certainly! Here's a concise summary of the key steps:

1. **Understand the Physics Concept**: Recognize that the problem involves static equilibrium, where the downward force (weight of the tower, slab, and piles) must be balanced by the upward friction force from the piles.

2. **Gather Necessary Information**: Calculate the total weight the piles need to support. This includes the weight of the tower, calculated from its base area and weight per square foot, and the weights of the concrete slab and piles, calculated from their volumes and the density of concrete.

3. **Distribute the Weight**: Use the number of piles (950) to divide the total weight evenly, determining the weight each pile must support.

4. **Estimate Friction Force**: With the weight each pile supports known, estimate the friction force required for each pile to prevent the tower from sinking, ensuring all forces are balanced for static equilibrium.

These steps guide you through understanding the problem, gathering and calculating necessary data, and applying physics concepts to estimate the required friction force for each pile.",idk,9,452,3,0.9,0.95,0.925,0.594903708,0.600997329,0.597935021,0,0.247476801
Expert_dontCare,"Certainly! Here's a concise summary of the key steps to approach the problem:

1. **Understand the Physics Concepts**: Recognize that the problem involves balancing forces (static equilibrium), where the downward force due to the tower's weight must be balanced by the upward frictional force from the piles.

2. **Identify Necessary Information**: Determine that you need the total weight of the tower, the weight of the concrete slab, the weight of each pile, and the number of piles to calculate the force each pile must exert.

3. **Gather Required Data**: Calculate the weight of the tower using its base area and weight per square foot. For the slab and piles, calculate their volumes using given dimensions and then determine their weights using the density of concrete. Use the provided number of piles to distribute the total weight evenly among them.

These steps help in forming a plan to estimate the friction force required from each pile to prevent the tower from sinking.",idk,13,429,3,0.9,0.95,0.925,0.650193632,0.64163506,0.645886004,0,0.247476801
Expert_dontCare,"Certainly! Here's a concise summary of the key steps:

1. **Understand the Physics Concept**: Recognize that the problem involves static equilibrium, where the downward force (weight of the tower, slab, and piles) must be balanced by the upward friction force from the piles.

2. **Identify Necessary Information**: Determine that you need the weights of the tower, the concrete slab, and each pile, along with the number of piles (950) to distribute the total weight.

3. **Calculate Weights**: Use the given dimensions and material properties to calculate the weight of the tower by multiplying the base area by the weight per square foot. Calculate the weight of the slab and piles by finding their volumes and multiplying by the density of concrete.

4. **Distribute Weight Across Piles**: Divide the total weight by the number of piles to find out how much weight each pile needs to support, which helps in calculating the required friction force for each pile.

These steps guide you through understanding the problem, gathering necessary information, and using that information to find a solution. Keep practicing these steps to enhance your problem-solving skills in physics!",idk,11,434,3,0.9,0.95,0.925,0.616131663,0.629498601,0.622743368,0,0.247476801
Expert_dontCare,"Certainly! Here's a concise summary of the key steps:

1. **Understand the Physics Concepts**: Recognize that static equilibrium is crucial, where the downward forces (weight of the tower, slab, and piles) must be balanced by the upward frictional forces from the piles.

2. **Identify Necessary Information**: Determine that we need the total weight of the tower, the slab, and the piles. Also, know the number of piles to distribute the total weight evenly.

3. **Gather and Calculate Data**: Calculate the weight of the tower using its base area and weight per square foot. For the slab and piles, calculate their volumes and use the density of concrete to find their weights. Divide the total weight by the number of piles to find the friction force required per pile.

These steps help in forming a plan to estimate the necessary friction force each pile must exert to prevent the tower from sinking.",idk,13,414,3,0.9,0.95,0.925,0.647155821,0.632131517,0.639555454,0,0.247476801
Expert_highMotivation,"Certainly! Here's a concise summary of the key steps we discussed to solve the problem of estimating the friction force required from each pile to prevent the Millennium Tower from sinking:

1. **Identify Relevant Physics Concepts**: Understand the principles of friction and static equilibrium, focusing on how these forces interact to maintain the stability of structures.

2. **Gather Necessary Information**: Calculate the total weight of the tower and the concrete slab, and understand the physical properties of the piles (dimensions, material).

3. **Calculate Weights and Loads**:
   - Determine the weight of the tower using its base area and weight per square foot.
   - Calculate the weight of the concrete slab based on its volume and the density of concrete.
   - Estimate the weight of each pile using its dimensions and material density.

4. **Distribute Total Load Across Piles**: Divide the combined weight of the tower, slab, and piles by the number of piles to find the load each pile must support.

5. **Estimate Required Friction Force**: Use the concept of static equilibrium to calculate the friction force needed per pile to counteract the downward force, assuming a conservative coefficient of friction based on typical values for similar materials and conditions.

6. **Consider Practical Uncertainties**: Acknowledge the potential variations in soil conditions and other environmental factors that could affect the actual required friction force, emphasizing the importance of conservative estimates and further geotechnical analysis for precise calculations.

These steps provide a systematic approach to solving the problem while considering both theoretical calculations and real-world complexities.","Here's a concise summary of the key steps I learned to solve the Millennium Tower foundation problem:

1. Gather Comprehensive Data
- Calculate total tower weight (140,000 tons)
- Determine concrete slab weight and volume
- Identify pile characteristics (number, dimensions, material)

2. Load Distribution Analysis
- Calculate total load to be supported (310,000,000 lbs)
- Distribute load across 950 piles
- Compute average load per pile (326,316 lbs)

3. Apply Static Equilibrium Principles
- Use friction force equation: F = μ × Normal Force
- Estimate coefficient of static friction (conservatively at 0.4)
- Calculate required friction force per pile (130,526 lbs)

4. Consider Practical Uncertainties
- Recognize variations in soil conditions
- Understand limitations of theoretical calculations
- Acknowledge need for advanced geotechnical analysis

5. Key Insights
- Theoretical calculations provide initial estimates
- Real-world engineering requires computational modeling and field testing
- Interdisciplinary approach combining physics, engineering, and computational methods is crucial

The most important lesson was understanding that solving complex engineering problems requires more than just mathematical calculations - it demands a holistic, nuanced approach that considers theoretical principles and practical constraints.",7,661,1394,0.9,0.9,0.9,0.572714031,0.635828733,0.602623343,0.9,0.509286523
Expert_highMotivation,"Certainly! Here's a concise summary of the key steps we discussed for solving the problem:

1. **Identify Relevant Physics Principles**: Understand that static equilibrium and the mechanics of friction are crucial for analyzing the forces acting on the piles.

2. **Gather Necessary Information**: Calculate the total weight of the tower and the concrete slab, and understand the dimensions and material properties of the piles.

3. **Calculate Total Load and Distribution**: Determine the total load from the tower, slab, and piles, and distribute this load evenly across the 950 piles to find the load per pile.

4. **Estimate Friction Force**: Use the principle of static equilibrium to estimate the necessary friction force per pile that balances the downward force, ensuring the tower remains stable.

5. **Verification and Considerations**: Consider additional factors like soil compression and safety factors in load-bearing capacity to ensure the calculations are robust and practical.

By following these steps, you can systematically approach and solve problems involving complex force interactions and static equilibrium.","""Here's a concise summary of the key steps I learned for solving the Millennium Tower friction force problem:

1. Total Load Calculation
- Calculate total weight of tower (140,000 tons)
- Include additional weights like concrete slab
- Account for pile self-weight

2. Load Distribution Analysis
- Divide total weight across 950 piles
- Ensure uniform load distribution
- Calculate average load per pile (approximately 147.4 tons)

3. Friction Force Estimation
- Apply static equilibrium principle
- Determine friction force required to prevent sinking
- Consider pile geometry (14-inch square, 80 feet long)

4. Verification Considerations
- Check if calculated friction force prevents vertical displacement
- Account for potential soil compression
- Include safety factors in load-bearing capacity

Key Physics Principles:
- Static equilibrium
- Weight distribution
- Friction mechanics
- Geotechnical load transfer

The most critical insight is understanding how each pile must generate an upward friction force equal to its proportional share of the total tower weight to maintain structural stability. This requires a systematic approach that breaks down complex engineering problems into manageable physics components.""",7,504,1205,0.9,0.9,0.9,0.570021093,0.575213075,0.572605312,0.925,0.524023294
Expert_highMotivation,"Certainly! Here's a concise summary of the key steps we discussed for solving the problem of estimating the friction force required from each pile to prevent the Millennium Tower from sinking:

1. **Understand the Physics Principles**: Recognize that static equilibrium is crucial, where the total upward friction force from the piles must balance the total downward force from the tower's weight.

2. **Gather Necessary Information**: Calculate the total weight of the tower and determine the weight distribution per pile. Consider the geometry of the piles and the characteristics of the bay sand.

3. **Calculate Surface Area for Friction**: Determine the total surface area of each pile that contacts the sand, as this affects the friction force generated.

4. **Consider Soil Properties**: Acknowledge how the properties of bay sand, such as density and moisture content, impact the friction and stability of the piles.

5. **Apply Static Equilibrium**: Use the concept of static equilibrium to estimate the necessary friction force per pile by ensuring that the upward friction force balances the downward gravitational force.

6. **Integrate Advanced Technologies (Optional Insight)**: Discuss how emerging technologies like machine learning and advanced simulations could enhance the accuracy of predictions and the design of foundations in geotechnical engineering.

These steps form a comprehensive approach to analyzing and solving the problem, emphasizing both fundamental physics principles and the potential application of advanced technologies.","""Certainly! Here's a concise summary of the key steps I've learned for analyzing the Millennium Tower's foundation problem:

1. Calculate Total Tower Weight:
- Total weight = 20,000 sq ft × 7 tons/sq ft = 140,000 tons
- Number of piles: 950
- Weight per pile = 140,000 tons ÷ 950 ≈ 147.4 tons

2. Analyze Pile Geometry and Surface Area:
- Pile dimensions: 14 inches square, 80 feet long
- Total surface area for friction: 4 sides × (14 inches × 80 feet) ≈ 66,560 square inches

3. Consider Soil Mechanics:
- Evaluate bay sand characteristics (density, moisture, particle size)
- Understand how soil properties impact friction and load distribution
- Recognize the challenges of compressible soil conditions

4. Explore Advanced Modeling Techniques:
- Use finite element modeling (FEM)
- Implement machine learning for predictive risk assessment
- Develop adaptive foundation design strategies

The key insight is that solving foundation stability isn't just about calculating static forces, but understanding the complex interactions between structure, soil, and environmental conditions. Interdisciplinary approaches combining computational modeling, geotechnical engineering, and advanced data analysis are crucial for creating resilient infrastructure solutions.""",9,995,1654,0.9,0.9,0.9,0.543822229,0.556675196,0.55017364,0.925,0.514759958
Expert_highMotivation,"Certainly! Here's a concise summary of the key steps we discussed for solving the problem of estimating the friction force required from each pile to prevent the Millennium Tower from sinking:

1. **Calculate Total System Weight**: Determine the combined weight of the tower and the concrete slab.
   
2. **Determine Load Distribution**: Divide the total weight evenly across the 950 piles to find the weight supported by each pile.

3. **Friction Force Estimation**: For each pile, calculate the necessary upward friction force to balance the downward force (weight) it supports, ensuring static equilibrium.

4. **Verification Considerations**: Consider the assumptions made about even load distribution and recognize the theoretical nature of the calculations, while also acknowledging potential real-world variations such as soil conditions.

5. **Apply Key Physics Principles**: Utilize concepts of static equilibrium, force balance, and load distribution to guide the calculations.

These steps provide a structured approach to estimate the required friction force per pile, ensuring the tower remains stable and does not sink.","""Here's a concise summary of the key steps I learned to solve the Millennium Tower friction pile problem:

1. Calculate Total System Weight
- Tower weight: 140,000 tons
- Concrete slab weight: 15,000 tons
- Total system weight: 155,000 tons

2. Determine Load Distribution
- Total number of piles: 950
- Weight per pile: 155,000 tons ÷ 950 = 163.16 tons/pile

3. Friction Force Estimation
- Each pile must generate an upward friction force equal to its distributed weight
- Target friction force per pile: 163.16 tons
- Ensures static equilibrium and prevents tower sinking

4. Key Physics Principles Applied
- Static equilibrium
- Force balance
- Load distribution
- Gravitational potential energy conversion

The most critical insight was understanding that each pile needs to support an equal portion of the total weight, creating a uniform stress distribution to prevent differential settlement. While our calculation is a simplified model, it provides a fundamental approach to analyzing load transfer in complex structural systems.""",7,686,1330,0.8,0.9,0.85,0.56669414,0.587128937,0.576730549,0.875,0.525094807
Expert_highMotivation,"Certainly! Here's a concise summary of the key steps we discussed for solving the problem of estimating the friction force required from each pile to prevent the Millennium Tower from sinking:

1. **Understand Relevant Physics Concepts**: Recognize the importance of static equilibrium and friction mechanics to analyze the forces acting on the tower and its supporting piles.

2. **Calculate Total Weights**:
   - Calculate the weight of the tower using its base area and weight per square foot.
   - Estimate the weight of the concrete slab and each pile using their dimensions and material densities.

3. **Distribute Weight Across Piles**:
   - Sum the weights of the tower, slab, and piles to find the total weight supported by the foundation.
   - Divide this total weight by the number of piles to determine the load each pile must support.

4. **Estimate Friction Force**:
   - Use a simplified approach to estimate the friction force required per pile by assuming a reasonable friction coefficient for the interaction between the piles and the bay sand.

5. **Consider Real-World Factors**:
   - Discuss potential real-world factors such as soil variability, time-dependent factors, dynamic loading conditions, pile installation techniques, and material degradation that could affect the calculations.
   - Highlight the importance of extensive geotechnical surveys, safety factors, advanced modeling, and ongoing monitoring for accurate and safe engineering practices.

These steps provide a structured approach to estimate the necessary friction force and consider practical engineering challenges in maintaining the stability of large structures.","""Here's a concise summary of the key steps I learned to solve the Millennium Tower friction force problem:

1. Calculate Total Weight:
- Tower weight: 140,000 tons
- Concrete slab weight: 15,000 tons
- Total weight: 155,000 tons

2. Distribute Weight Across Piles:
- 950 total friction piles
- Weight per pile: 163.2 tons

3. Estimate Friction Force:
- Use friction coefficient for sandy soil (estimated at 0.4)
- Friction Force = Weight × Friction Coefficient
- Calculated approximately 65.28 tons of friction force per pile

4. Consider Real-World Complexities:
- Soil variability
- Time-dependent settlement
- Dynamic loading conditions
- Pile installation techniques
- Material degradation

Key Physics Concepts Applied:
- Static equilibrium
- Friction mechanics
- Load distribution
- Stress analysis

The most critical insight was understanding that theoretical calculations must be complemented by extensive site-specific investigations and ongoing monitoring to ensure structural stability.""",6,703,1222,0.85,0.9,0.875,0.589801967,0.642818391,0.615170002,0.9,0.508984387
Expert_highMotivation,"Certainly! Here's a concise summary of the key steps we discussed for solving the problem of estimating the friction force required from each pile to prevent the Millennium Tower from sinking:

1. **Identify Relevant Physics Concepts**: We focused on static equilibrium and friction forces, understanding that the total downward force (due to the tower's weight) must be balanced by the upward friction force from the piles.

2. **Gather Necessary Information**: We determined that we need the total weight of the tower, the number of piles, and the dimensions of each pile to proceed with our calculations.

3. **Apply Static Equilibrium**: Using the concept of static equilibrium, we calculated the friction force required per pile by dividing the total weight of the tower by the number of piles. This approach allowed us to estimate the load each pile must support to prevent the tower from sinking without needing the friction coefficient.

These steps helped us form a structured approach to the problem, focusing on fundamental physics principles and avoiding the complexities of variable factors like the soil's friction coefficient.","Based on the student profile of a highly motivated, expert-level physics student, here's a concise summary:

Key steps in solving the Millennium Tower friction pile problem:

1. Identify Relevant Physics Principles:
- Static equilibrium
- Load distribution
- Vertical force balance

2. Gather Critical Information:
- Total tower weight: 140,000 tons
- Number of piles: 950
- Pile dimensions: 14-inch square, 80 feet long

3. Calculate Load Distribution:
- Divide total weight by number of piles
- Friction force per pile = 140,000 tons ÷ 950 piles
- Approximately 147.37 tons per pile required to prevent sinking

4. Key Insights:
- Uniform load distribution assumes ideal conditions
- Real-world factors like soil compressibility can complicate theoretical calculations
- Static equilibrium provides a fundamental approach to understanding structural support

The problem demonstrated how physics principles can be applied to solve complex engineering challenges, highlighting the importance of understanding load distribution and static equilibrium in structural design.",6,555,1304,0.7,0.8,0.746,0.577650785,0.570552588,0.574079752,0.825,0.517770231
Expert_highMotivation,"Certainly! Here's a concise summary of the key steps we discussed to solve the problem of estimating the friction force required from each pile to prevent the Millennium Tower from sinking:

1. **Understand Relevant Physics Principles**: Recognize that static equilibrium is crucial, where the total downward force (due to the weight of the tower, slab, and piles) must be balanced by the upward friction force from the piles.

2. **Calculate Total Weight**:
   - Calculate the weight of the tower using its base area and weight per square foot.
   - Calculate the weight of the concrete slab based on its volume and the density of concrete.
   - Calculate the weight of the piles using their dimensions and material density.

3. **Distribute Weight Across Piles**:
   - Sum the weights of the tower, slab, and piles to find the total downward force.
   - Divide this total by the number of piles to determine the average force each pile needs to support.

4. **Apply Static Equilibrium**:
   - Use the principle of static equilibrium to determine that the friction force required from each pile is equal to the force each pile supports.

These steps guide you through a systematic approach to solving the problem using physics principles, without needing to directly calculate the friction coefficient, focusing instead on balancing forces to maintain stability.","Here's my summary of the key steps to solve the Millennium Tower pile friction force problem:

1. Calculate Total Weight Components
- Tower weight: 140,000 tons
- Concrete slab weight: 15,000 tons
- Piles weight: 2,550 tons
- Total downward force: 157,550 tons

2. Apply Static Equilibrium Principle
- Recognize that the total downward force must be balanced by upward friction forces
- Number of supporting piles: 950
- Calculate force per pile: 157,550 tons ÷ 950 = 166 tons per pile

3. Key Physics Concepts Used
- Static equilibrium: Balancing forces to prevent movement
- Weight distribution across multiple support points
- Consideration of all weight components (tower, slab, piles)

4. Important Considerations
- Assumed uniform soil conditions
- Potential need for safety factors in real-world engineering
- Simplified calculation that doesn't account for complex soil interactions

The most fascinating aspect is how fundamental physics principles like static equilibrium can be applied to solve complex real-world structural engineering challenges. Each step requires careful calculation and understanding of how forces interact to maintain structural stability.",6,1125,1256,0.9,0.95,0.925,0.614576399,0.649161935,0.631395876,0.875,0.521844387
Expert_highMotivation,"Certainly! Here's a concise summary of the key steps we discussed for solving the problem of estimating the friction force required from each pile to prevent the Millennium Tower from sinking:

1. **Calculate Total Weight**: Determine the combined weight of the tower and the concrete slab based on their dimensions and material densities.

2. **Distribute Weight Across Piles**: Divide the total weight by the number of piles to find the weight supported by each pile.

3. **Estimate Friction Force**: Assume that the friction force required to prevent sinking is approximately equal to the weight each pile supports, based on the principle of static equilibrium.

These steps utilize fundamental physics concepts such as static equilibrium and force distribution, providing a systematic approach to estimate the necessary friction forces without needing detailed soil mechanics or the coefficient of friction. This method simplifies the problem while offering a practical estimation based on the current equilibrium state of the structure.","Here's a concise summary of the key steps I learned to solve the Millennium Tower friction force problem:

1. Calculate Total Weight
- Tower weight: 140,000 tons
- Concrete slab weight: 15,000 tons
- Total weight: 155,000 tons

2. Distribute Weight Across Piles
- Total piles: 950
- Weight per pile: 155,000 ÷ 950 ≈ 163.16 tons

3. Estimate Friction Force
- Assume static equilibrium
- Friction force per pile ≈ weight supported by each pile (163.16 tons)

Key Physics Principles Applied:
- Static equilibrium
- Weight distribution
- Force balance
- Geotechnical mechanics

Critical Insights:
- Simplified model assumes uniform load distribution
- Actual soil mechanics introduce more complex behaviors
- Real-world factors like soil compression not fully captured

The most fascinating aspect was understanding how we can estimate friction forces by considering the tower's weight and the principle of static equilibrium, without needing to explicitly calculate the coefficient of friction. This approach demonstrates the power of fundamental physics principles in solving complex engineering problems.",6,747,1240,0.8,0.9,0.85,0.569990039,0.561097622,0.565508842,0.9,0.510527253
Expert_highMotivation,"Certainly! Here's a concise summary of the key steps we discussed for solving the problem:

1. **Identify Relevant Physics Concepts**: Recognize that static equilibrium and the forces acting on the structure (weight and friction) are crucial.

2. **Gather Necessary Information**: Determine the total weight of the tower and understand the characteristics of the piles. Recognize that the exact friction coefficient isn't necessary due to the application of static equilibrium.

3. **Apply Static Equilibrium**: Calculate the necessary friction force per pile by ensuring that the total upward friction force from all piles balances the total downward force (weight of the tower). This involves dividing the total weight by the number of piles.

4. **Formulate a Problem-Solving Plan**: Use these steps to approach similar structural and geotechnical engineering problems, focusing on system balance and force distribution without getting bogged down in uncertain material properties.

This structured approach helps in simplifying and effectively solving complex engineering problems by focusing on fundamental principles and practical calculations.","Here's a concise summary of the key steps I learned to solve the Millennium Tower pile friction problem:

1. Calculate Total System Weight
- Determine total tower weight: 20,000 sq ft × 7 tons/sq ft = 140,000 tons
- Identify the total downward force acting on the structure

2. Apply Static Equilibrium Principle
- Recognize that total upward friction force must exactly equal total downward weight
- Distribute total weight across all support elements (950 piles)
- Calculate friction force per pile: 140,000 tons ÷ 950 piles ≈ 147.37 tons per pile

3. Key Problem-Solving Insights
- Focus on overall force balance rather than getting bogged down in precise material coefficients
- Use simple division to distribute load evenly
- Ensure no single support element is overloaded

The most critical learning was how to simplify a complex geotechnical problem by applying fundamental physics principles of static equilibrium. By understanding the total system forces and their distribution, we can solve structural stability problems effectively without needing extremely precise material properties.

Would you like me to elaborate on any of these steps or discuss how this approach might be generalized to other engineering challenges?",5,603,1364,0.8,0.85,0.825,0.540903687,0.549747705,0.545289874,0.9,0.52316761
Expert_highMotivation,"Certainly! Here's a concise summary of the key steps we discussed to solve the problem of estimating the friction force required from each pile to prevent the Millennium Tower from sinking:

1. **Identify Relevant Physics Concepts**: Recognize the importance of gravitational force, static friction, and static equilibrium in analyzing the forces acting on the friction piles.

2. **Gather Necessary Information**: Calculate the total weight of the tower, the concrete slab, and the piles. Use the number of piles to distribute the total weight evenly.

3. **Apply Static Equilibrium**: Use the principle of static equilibrium to equate the total downward force (sum of weights of the tower, slab, and piles) with the total upward friction force exerted by the sand on the piles. This allows calculation of the friction force required per pile without needing the coefficient of friction.

4. **Consider Practical Implications and Variations**: Discuss how variations in soil conditions or pile design might impact the force calculations and the overall stability of the structure. Consider using computational methods like finite element analysis for more detailed predictions and assessments.

By following these steps, you can systematically approach and solve similar structural and geotechnical engineering problems in the future.","Here's my summary of the key steps to solve the Millennium Tower sinking problem:

1. Calculate Total Downward Force Components:
   - Tower weight: 140,000 tons
   - Concrete slab weight: Calculated by volume × density (30,000 tons)
   - Pile weight: Estimated additional weight (32 tons)

2. Apply Static Equilibrium Principle:
   - Total downward force = Total upward friction force
   - Sum all weight components: 155,032 tons

3. Distribute Force Across Piles:
   - Total piles: 950
   - Friction force per pile: 155,032 tons ÷ 950 = 163.2 tons per pile

4. Key Physics Concepts Used:
   - Gravitational force calculation
   - Static equilibrium principle
   - Load distribution mechanics

5. Critical Considerations:
   - Precise weight calculations for each structural component
   - Understanding how forces are transferred through the soil-pile system
   - Recognizing the importance of geotechnical parameters in structural stability

The solution demonstrates how fundamental physics principles can be applied to complex real-world engineering challenges, particularly in understanding structural load-bearing mechanisms.",7,910,1277,0.8,0.9,0.85,0.585920393,0.595164776,0.590506434,0.925,0.555729985
Expert_lowMotivation,"Certainly! Here's a concise summary of the key steps to solve the problem:

1. **Understand the Physics Concepts**: Recognize that static equilibrium and friction are crucial for solving this problem. The downward forces (weight of the tower, slab, and piles) must be balanced by the upward frictional forces from the piles.

2. **Gather Necessary Information**: Calculate the total weight of the tower, the concrete slab, and the piles. Use the dimensions provided to find the volume and then multiply by the density of concrete to get the weights.

3. **Distribute the Weight**: Divide the total weight by the number of piles (950) to determine how much weight each pile needs to support.

4. **Assess Frictional Force Requirement**: Conceptually check if the friction between each pile and the sand can support the weight assigned to it, based on the pile's surface area and the typical properties of concrete and sand.

5. **Compare with Existing Structures**: Validate your assumptions by comparing with similar buildings and checking against engineering standards to ensure the feasibility and safety of the foundation design.

These steps provide a structured approach to solving the problem without delving into overly complex calculations, focusing on practical and conceptual understanding.","Fine, here's the quick summary:

1. Calculate total weight of the tower, including the concrete slab and piles
2. Divide total weight across the 950 piles (about 147 tons per pile)
3. Check pile surface area (14-inch square, 80 feet long)
4. Compare foundation design to similar existing buildings
5. Verify if the piles can generate enough friction to prevent sinking
6. Use basic static equilibrium principles - make sure downward forces match upward frictional forces

Basically, it's about distributing weight evenly and making sure the foundation can handle the load without getting into super complicated calculations. Is that good enough?",8,686,544,0.9,0.85,0.875,0.570884585,0.595881522,0.58311522,0.85,0.544627726
Expert_lowMotivation,"Certainly! Here's a concise summary of the key steps to solve the problem:

1. Understand the relevant physics concepts, particularly static equilibrium, to analyze the forces acting on the tower and its support piles.
2. Gather necessary information: Calculate the total weight of the tower, the concrete slab, and the piles. Use the given dimensions and densities to find these weights.
3. Use the total weight and the number of piles to calculate the friction force required from each pile to prevent the tower from sinking by dividing the total weight by the number of piles.

This structured approach helps in breaking down the problem into manageable parts, ensuring a thorough understanding and solution.","Alright, here's the summary: Break down the total weight into three parts - tower weight, concrete slab weight, and pile weight. Calculate each component by multiplying volume by density. Then add all those weights together and divide by the total number of piles to figure out how much force each pile needs to support. It's basically a systematic way to solve a physics problem by breaking it into smaller, manageable calculations. Not super complicated, but it gets the job done. Can we move on now?",7,576,424,0.9,0.9,0.9,0.618787408,0.573974788,0.595539331,0.85,0.528727591
Expert_lowMotivation,"Certainly! Here's a concise summary of the key steps we discussed for solving the problem of estimating the friction force required from each pile to prevent the Millennium Tower from sinking:

1. **Identify Relevant Physics Concepts**: Recognize that static equilibrium and friction are crucial concepts. The total downward force (weight of the tower, slab, and piles) must be balanced by the upward frictional force from the piles.

2. **Determine Necessary Information**: Calculate the total weight of the tower, the concrete slab, and the piles. Understand that the weight needs to be distributed evenly across all the piles.

3. **Calculate and Distribute Weight**: Use the given dimensions and densities to calculate the weights of the tower, slab, and piles. Divide the total weight by the number of piles to find the friction force required per pile to maintain equilibrium and prevent sinking.

These steps guide you through understanding the problem, identifying what information is needed, and using basic physics principles to estimate the necessary friction force for each pile. This approach helps in forming a structured problem-solving plan for similar physics problems.","Fine. Here's the quick summary:

1. Calculate total weight of the tower: 140,000 tons
2. Include additional weight of concrete slab: about 30 million pounds
3. Divide total weight by number of piles (950)
4. Determine each pile needs to support roughly 147 tons
5. Ensure each pile generates enough upward friction force to balance the total downward weight

Basically, it's just about evenly distributing the load across all the piles so the tower doesn't sink further. Simple weight division problem. Not rocket science.",10,649,584,0.9,0.95,0.925,0.585825562,0.592399716,0.589094281,0.64,0.527264297
Expert_lowMotivation,"Certainly! Here's a concise summary of the key steps to solve the problem:

1. **Understand the Physics Concepts**: Recognize that static equilibrium and friction are crucial. The downward forces (weight of the tower, slab, and piles) must be balanced by the upward friction forces from the piles.

2. **Gather Necessary Information**: Identify that you need the total weight of the tower, the concrete slab, and the piles. Also, know the number of piles.

3. **Calculate Weights**:
   - Calculate the tower's weight using its area and weight per square foot.
   - Estimate the weight of the concrete slab using its volume and the density of concrete.
   - Calculate the weight of each pile using its volume and density, then multiply by the number of piles to get the total weight of all piles.

4. **Distribute the Load**: Add the weights from step 3 to find the total load. Divide this total by the number of piles to determine the friction force required per pile to maintain static equilibrium.

These steps provide a systematic approach to solving the problem while reinforcing your understanding of the underlying physics principles.","Alright, here's a quick summary:

1. Calculate total tower weight by multiplying base area (20,000 sq ft) by weight per square foot (7 tons)

2. Consider additional weights like the concrete slab and piles

3. Divide total weight by number of piles (950) to get the load per pile

4. Use static equilibrium principle - ensure upward friction forces match total downward weight

5. Recognize that in real engineering, you'd probably use software to do these calculations faster

The main point is understanding how to distribute the tower's weight across the piles to prevent sinking, but I'd definitely use computational tools to do the actual math in a real-world scenario.",9,591,503,0.9,0.95,0.925,0.614818454,0.653686523,0.633656979,0.746,0.548827112
Expert_lowMotivation,"Certainly! Here's a concise summary of the key steps we discussed:

1. **Understand the Physics Concepts**: Recognize that static equilibrium and friction are crucial for solving this problem. The total downward force (weight of the tower, slab, and piles) must be balanced by the upward friction force from the piles.

2. **Gather Necessary Information**: Identify the need for the total weight of the tower, the weight of the concrete slab, and the weight of each pile. Understand that the number of piles is crucial for distributing the total weight.

3. **Calculate and Distribute Weights**: Calculate the total weight of the tower and the concrete slab. Then, distribute this weight evenly across the 950 piles to determine the load each pile must support.

4. **Estimate Friction Force**: Use the concept of static equilibrium to estimate the friction force required for each pile. Each pile must generate enough upward friction force to counteract its share of the total downward force.

By following these steps, you can develop a problem-solving plan that applies physics principles to estimate the necessary friction force to prevent the tower from sinking. Keep practicing this approach to strengthen your problem-solving skills in physics and engineering contexts.","Alright, here's a quick summary:

1. Calculate total tower weight: 140,000 tons
2. Include concrete slab weight
3. Divide total weight by number of piles (950)
4. Ensure each pile generates enough upward friction force to balance its portion of the total downward weight
5. Apply static equilibrium principle - upward and downward forces need to cancel out

Basically, it's about making sure the piles can support the tower's weight by generating enough friction in the sandy ground. Not rocket science, just basic physics balancing. Can we be done now?",5,580,652,0.9,0.95,0.925,0.579405546,0.583569288,0.581479967,0.64,0.54033953
Expert_lowMotivation,"Certainly! Here's a concise summary of the key steps we discussed to solve the problem:

1. **Identify Relevant Physics Concepts**: Understand that static equilibrium and the forces acting on the piles (downward force from the tower's weight and upward friction force) are crucial.

2. **Gather Necessary Information**: Determine the total weight of the tower, the concrete slab, and each pile. Also, consider the number of piles supporting the structure.

3. **Calculate Weights**: Calculate the tower's weight using its base area and weight per square foot. For the slab and piles, calculate their volumes and use the density of concrete and the pile material to find their weights.

4. **Distribute Weight Across Piles**: Sum the weights of the tower, slab, and piles, and divide this total by the number of piles to find the force each pile needs to support.

By following these steps, you can estimate the friction force required from each pile to prevent the tower from sinking.","Fine, here's a quick summary:

1. Calculate total tower weight by multiplying weight per square foot by base area
2. Calculate concrete slab weight using density and volume
3. Determine pile volume and weight using dimensions and material density
4. Convert all weights to consistent units (pounds)
5. Add up total weight of tower and slab
6. Divide total weight by number of piles to get force per pile

The key is breaking down the problem into simple steps and doing straightforward calculations. Each pile needs to support about 163 tons to prevent the tower from sinking. Pretty basic engineering problem if you just do the math systematically. Can we be done now?",10,537,453,0.9,0.95,0.925,0.650063872,0.643597722,0.646814644,0.825,0.545881629
Expert_lowMotivation,"Certainly! Here's a concise summary of the key steps we discussed for solving the problem of estimating the friction force required from each pile to prevent the Millennium Tower from sinking:

1. **Identify Relevant Physics Concepts**: Understand that static equilibrium and forces (friction, weight) are crucial for analyzing the problem.

2. **Determine Necessary Information**: Recognize the need to calculate the total weight of the tower, the concrete slab, and the piles. Understand that the number of piles is also essential for distributing the total weight.

3. **Calculate Weights**:
   - Calculate the tower's weight using its base area and weight per square foot.
   - Calculate the slab's weight using its volume (area multiplied by thickness) and the density of concrete.
   - Calculate the weight of each pile using its volume (cross-sectional area and length) and the density of concrete.

4. **Distribute Total Weight Across Piles**: Sum the weights of the tower, slab, and piles, and then divide this total by the number of piles to estimate the friction force required per pile to prevent sinking.

These steps guide you through a systematic approach to solving the problem, ensuring all relevant factors are considered for a comprehensive and accurate solution.","Ugh, fine. Here's a quick summary:

1. Calculate the total weight of the tower by multiplying base area by weight per square foot
2. Include additional weights of the concrete slab and piles (even though they're small)
3. Add up all the weights
4. Divide the total weight by the number of piles to get the friction force per pile

The main takeaway is that for problems like this, you need to break down the total weight and distribute it evenly. The tower's weight dominates everything, so the calculation is basically just a simple division. Not rocket science, but it shows you need to consider all components, even if some are negligible. Can we move on to something more challenging now?",9,798,540,0.9,0.95,0.925,0.606932163,0.644652009,0.625223696,0.746,0.532929599
Expert_lowMotivation,"Certainly! Here's a concise summary of the key steps to solve the problem:

1. **Understand the Physics Concepts**: Recognize that static equilibrium and friction are crucial. The forces on the piles include the downward gravitational force (weight of the tower, slab, and piles) and the upward frictional force from the sand.

2. **Calculate Total Weight**: Determine the weight of the tower, concrete slab, and piles. Use the given dimensions and densities to calculate the volume and subsequently the weight of each component.

3. **Distribute the Weight**: Divide the total weight by the number of piles to find out how much weight each pile needs to support.

4. **Apply Static Equilibrium**: Ensure that the upward friction force from each pile balances the downward force it supports to prevent the tower from sinking.

By following these steps, you can systematically approach and solve problems involving forces and static equilibrium.","Sure, here's the quick summary: First, calculate the total weight of everything - the tower, concrete slab, and piles. I did this by finding the volume and multiplying by density. Then divide the total weight by the number of piles to see how much each pile needs to support. The key is breaking it down systematically and using basic estimates. Basically, just do the math step by step and make sure the forces balance out. Not rocket science, just basic physics problem-solving.",8,607,459,0.9,0.95,0.925,0.625469744,0.619006038,0.622221053,0.746,0.560187817
Expert_lowMotivation,"Certainly! Here's a concise summary of the key steps we discussed:

1. **Identify Relevant Physics Concepts**: We discussed the importance of static equilibrium, where the downward force due to the weight of the tower and slab must be balanced by the upward friction force from the piles.

2. **Determine Necessary Information**: We recognized the need to calculate the total weight of the tower and the concrete slab. This involves knowing the weight per unit area of the tower and the volume and density of the concrete slab.

3. **Calculate and Distribute Weight**: We estimated the total weight that needs to be supported and discussed how this weight is distributed across the 950 piles, leading to an approximate force each pile must resist to prevent the tower from sinking.

These steps help form a structured approach to solving problems involving forces and static equilibrium in real-world engineering scenarios.","Cool, here's a quick summary:

1. Calculate total tower weight (140,000 tons)
2. Consider the concrete slab's additional weight
3. Divide total weight by number of piles (950)
4. Estimate each pile needs to support around 160 tons
5. Use static equilibrium concept to balance downward and upward forces

Basically, it's about making sure the piles can hold up the tower's weight without letting it sink. Not rocket science, just basic weight distribution. Can we be done now?",8,478,414,0.8,0.9,0.85,0.602874041,0.582304716,0.592410862,0.64,0.530483603
Expert_lowMotivation,"Certainly! Here's a concise summary of the key steps we discussed to solve the question:

1. **Understand the Physics Concepts**: Recognize that static equilibrium is crucial, where the downward forces (weight of the tower, slab, and piles) must be balanced by the upward friction forces from the piles.

2. **Gather Necessary Information**: Calculate the total weight of the tower, the concrete slab, and the piles. Use the given dimensions and standard density values for concrete.

3. **Calculate Total Weight**: Add the weight of the tower, slab, and piles to find the total weight that needs support.

4. **Distribute Weight Across Piles**: Divide the total weight by the number of piles (950) to find the required friction force per pile to prevent the tower from sinking.

These steps guide you through using static equilibrium to estimate the necessary friction force for each pile, ensuring a balanced approach to solving the problem.","Fine, here's the quick summary:

1. Calculate total tower weight by multiplying weight per square foot by base area
2. Add weight of concrete slab using volume and density
3. Add weight of support piles using their volume and density
4. Divide total weight by number of piles to get required support per pile
5. Estimate friction force needed for each pile to prevent sinking

Basically, it's about spreading the total weight evenly across all support piles. Not rocket science. Can we be done now?",7,461,453,0.9,0.95,0.925,0.610227585,0.597514272,0.603804052,0.875,0.545457125
Expert_lowMotivation,"Certainly! Here's a concise summary of the key steps to solve the problem:

1. **Understand the Physics Concepts**: Recognize that static equilibrium and the balance of forces (downward force from weight and upward friction force) are crucial.

2. **Gather Necessary Information**: Calculate the total weight of the tower, the concrete slab, and the piles. This involves knowing the dimensions and densities of materials.

3. **Calculate and Distribute Forces**: Add the weights of the tower, slab, and piles to get the total weight. Divide this total by the number of piles (950) to find the force each pile must support through friction.

This method ensures that each pile's friction force is sufficient to counteract its share of the total downward force, maintaining the stability of the structure.","Okay, here's the summary:

1. Calculate total weight of the structure (tower, slab, piles)
2. Add up all the weights
3. Divide total weight by number of piles (950)
4. That gives the force each pile needs to support

Basically, it's just breaking down the total weight and spreading it evenly across all the piles. The key is getting the right weights and then doing a simple division. Not too complicated, just straightforward engineering math.",8,437,383,0.9,0.9,0.9,0.607122421,0.586339056,0.596549809,0.746,0.533126771
